Source;Target
video;Runway ML 
video;Synthesia
video;Invideo
video;Pictory
video;synthesia
video;HeyGen
video;Veed.io
video;Captions App
video;Capcut
video;Unscreen
video;Magisto
video;Animoto
video;Adobe enhance
video;Descript
video;Krisp
video;Filmora
video;FlexClip
video;Rawshorts
marketing;SummarAlze
marketing;EllieAI
marketing;Robin
marketing;Quicklines
marketing;iContact
marketing;Unspam.email
marketing;Smartwriter
marketing;Converkit
marketing;Sendinblue
marketing;Marketingplan.io
marketing;Cresta AI
marketing;Quickchat
marketing;Ferret
marketing;Xembly
marketing;Qatalog
marketing;Scale
marketing;Reclaim
marketing;Echowin
marketing;Regie.ai
marketing;Adobe sensei
marketing;poly.ai
marketing;Predict.ai
marketing;Trypencil
marketing;Rationale
chat bot ;ChatGPT
chat bot ;Google Bard
chat bot ;Jasper
chat bot ;Chatsonic
chat bot ;Poe by Quora
chat bot ;C.ai
chat bot ;YouChat
chat bot ;HuggingChat
chat bot ;Bing Al
chat bot ;ChatSpot
chat bot ;Claude
chat bot ;Kommunicate
design;Blue willow
design;DALL-E
design;Bing Image
design;StockIMG
design;Midjourney
design;Leonardo ai
design;Adobe Express
design;Figma AI
design;Blend AI
design;Designs ai
design;MakeLogo.ai
design;RemoveBg
design;Font Joy
design;Microsoft designer
design;Hotpot AI
design;Ando.studio
design;Colormind
design;Visualeyes
writing;Diib
writing;CanlRank
writing;KeywordTool
writing;Jesper
writing;ProRankTracker
writing;Ink
writing;SEO.ai
writing;Surfer SEO
writing;Scalenut
writing;Grammarly
writing;Tome.app
writing;RyTr Rytr
writing;Copy.ai
writing;Anyword
writing;Wordtune
writing;Simplified
writing;Text Metrics
writing;Prowritingaid
writing;ChatGPT
writing;Writecream
writing;QuillBot
writing;Deepl
writing;Writesonic
writing;Smart Copy
writing;WordAl
writing;ContentForge
writing;Hypotenuse AI
produktivit;Beautiful ai
produktivit;SheetAi.app
produktivit;Futurepedia
produktivit;Noty.ai
produktivit;AlanAI
produktivit;QuestAI
produktivit;MagicalAI
produktivit;Hints AI
produktivit;CoGram
produktivit;GitMind AI
produktivit;Audioread
produktivit;Vowel
produktivit;Rewind
produktivit;Mayday
produktivit;Fibery AL
produktivit;WhatThe Ai
produktivit;Fireflies Ai
produktivit;AI Intern
produktivit;Genei
produktivit;Nanonet
produktivit;Taskade
produktivit;Xembly
produktivit;Support board
produktivit;Chat GPT
